Title;Country(ies);Type;Year;Director(s);Service;Availability
18 regali;Italy;Film;2020;Francesco Amato;Amazon Prime Video IT;11/2020
18 regali;Italy;Film;2020;Francesco Amato;Chili IT;11/2020
18 regali;Italy;Film;2020;Francesco Amato;Google Play Movies IT;11/2020
18 regali;Italy;Film;2020;Francesco Amato;iTunes IT;11/2020
18 regali;Italy;Film;2020;Francesco Amato;Netflix AD;12/2020
18 regali;Italy;Film;2020;Francesco Amato;Netflix AL;12/2020
18 regali;Italy;Film;2020;Francesco Amato;Netflix AM;12/2020
18 regali;Italy;Film;2020;Francesco Amato;Netflix AT;12/2020
18 regali;Italy;Film;2020;Francesco Amato;Netflix AZ;12/2020
18 regali;Italy;Film;2020;Francesco Amato;Netflix BA;12/2020
18 regali;Italy;Film;2020;Francesco Amato;Netflix BE;12/2020
18 regali;Italy;Film;2020;Francesco Amato;Netflix BG;12/2020
18 regali;Italy;Film;2020;Francesco Amato;Netflix CY;12/2020
18 regali;Italy;Film;2020;Francesco Amato;Netflix CZ;12/2020
18 regali;Italy;Film;2020;Francesco Amato;Netflix DE;12/2020
18 regali;Italy;Film;2020;Francesco Amato;Netflix DK;12/2020
18 regali;Italy;Film;2020;Francesco Amato;Netflix EE;12/2020
18 regali;Italy;Film;2020;Francesco Amato;Netflix ES;12/2020
18 regali;Italy;Film;2020;Francesco Amato;Netflix FI;12/2020
18 regali;Italy;Film;2020;Francesco Amato;Netflix FR;12/2020
18 regali;Italy;Film;2020;Francesco Amato;Netflix GB;12/2020
18 regali;Italy;Film;2020;Francesco Amato;Netflix GE;12/2020
18 regali;Italy;Film;2020;Francesco Amato;Netflix GR;12/2020
18 regali;Italy;Film;2020;Francesco Amato;Netflix HR;12/2020
18 regali;Italy;Film;2020;Francesco Amato;Netflix HU;12/2020
18 regali;Italy;Film;2020;Francesco Amato;Netflix IE;12/2020
18 regali;Italy;Film;2020;Francesco Amato;Netflix IS;12/2020
18 regali;Italy;Film;2020;Francesco Amato;Netflix LI;12/2020
18 regali;Italy;Film;2020;Francesco Amato;Netflix LT;12/2020
18 regali;Italy;Film;2020;Francesco Amato;Netflix LU;12/2020
18 regali;Italy;Film;2020;Francesco Amato;Netflix LV;12/2020
18 regali;Italy;Film;2020;Francesco Amato;Netflix MC;12/2020
18 regali;Italy;Film;2020;Francesco Amato;Netflix ME;12/2020
18 regali;Italy;Film;2020;Francesco Amato;Netflix MK;12/2020
18 regali;Italy;Film;2020;Francesco Amato;Netflix MT;12/2020
18 regali;Italy;Film;2020;Francesco Amato;Netflix NL;12/2020
18 regali;Italy;Film;2020;Francesco Amato;Netflix PL;12/2020
18 regali;Italy;Film;2020;Francesco Amato;Netflix PT;12/2020
18 regali;Italy;Film;2020;Francesco Amato;Netflix RO;12/2020
18 regali;Italy;Film;2020;Francesco Amato;Netflix RS;12/2020
18 regali;Italy;Film;2020;Francesco Amato;Netflix RU;12/2020
18 regali;Italy;Film;2020;Francesco Amato;Netflix SE;12/2020
18 regali;Italy;Film;2020;Francesco Amato;Netflix SI;12/2020
18 regali;Italy;Film;2020;Francesco Amato;Netflix SK;12/2020
18 regali;Italy;Film;2020;Francesco Amato;Netflix TR;12/2020
18 regali;Italy;Film;2020;Francesco Amato;Netflix UA;12/2020
18 regali;Italy;Film;2020;Francesco Amato;RakutenTV IT;11/2020
18 regali;Italy;Film;2020;Francesco Amato;Sky GO IT;11/2020
18 regali;Italy;Film;2020;Francesco Amato;Sky Now TV IT;11/2020
18 regali;Italy;Film;2020;Francesco Amato;TIMvision IT;11/2020
7 minutes;France, Italy;Film;2020;Ricky Mastro;Amazon TVOD AT;11/2020
7 minutes;France, Italy;Film;2020;Ricky Mastro;Amazon TVOD DE;11/2020
7 minutes;France, Italy;Film;2020;Ricky Mastro;EntertainTV DE;11/2020
7 minutes;France, Italy;Film;2020;Ricky Mastro;Google Play Movies AT;11/2020
7 minutes;France, Italy;Film;2020;Ricky Mastro;Google Play Movies DE;11/2020
7 minutes;France, Italy;Film;2020;Ricky Mastro;iTunes AT;11/2020
7 minutes;France, Italy;Film;2020;Ricky Mastro;iTunes BE;11/2020
7 minutes;France, Italy;Film;2020;Ricky Mastro;iTunes CZ;11/2020
7 minutes;France, Italy;Film;2020;Ricky Mastro;iTunes DE;11/2020
7 minutes;France, Italy;Film;2020;Ricky Mastro;iTunes EE;11/2020
7 minutes;France, Italy;Film;2020;Ricky Mastro;iTunes FI;11/2020
7 minutes;France, Italy;Film;2020;Ricky Mastro;iTunes HU;11/2020
7 minutes;France, Italy;Film;2020;Ricky Mastro;iTunes LT;11/2020
7 minutes;France, Italy;Film;2020;Ricky Mastro;iTunes LV;11/2020
7 minutes;France, Italy;Film;2020;Ricky Mastro;iTunes NL;11/2020
7 minutes;France, Italy;Film;2020;Ricky Mastro;iTunes PT;11/2020
7 minutes;France, Italy;Film;2020;Ricky Mastro;iTunes SE;11/2020
7 minutes;France, Italy;Film;2020;Ricky Mastro;Pantaflix AT;11/2020
7 minutes;France, Italy;Film;2020;Ricky Mastro;Pantaflix DE;11/2020
7 minutes;France, Italy;Film;2020;Ricky Mastro;YouTube Movies DE;11/2020
7 ore per farti innamorare;Italy;Film;2020;Giampaolo Morelli;Amazon Prime Video IT;11/2020
7 ore per farti innamorare;Italy;Film;2020;Giampaolo Morelli;Chili IT;11/2020
7 ore per farti innamorare;Italy;Film;2020;Giampaolo Morelli;Filmin Plus ES;11/2020
7 ore per farti innamorare;Italy;Film;2020;Giampaolo Morelli;Google Play Movies IT;11/2020
7 ore per farti innamorare;Italy;Film;2020;Giampaolo Morelli;iTunes IT;11/2020
7 ore per farti innamorare;Italy;Film;2020;Giampaolo Morelli;Movistar+ ES;11/2020
7 ore per farti innamorare;Italy;Film;2020;Giampaolo Morelli;RakutenTV ES;11/2020
7 ore per farti innamorare;Italy;Film;2020;Giampaolo Morelli;RakutenTV IT;11/2020
7 ore per farti innamorare;Italy;Film;2020;Giampaolo Morelli;Sky GO IT;11/2020
7 ore per farti innamorare;Italy;Film;2020;Giampaolo Morelli;Sky Now TV IT;11/2020
7 ore per farti innamorare;Italy;Film;2020;Giampaolo Morelli;TIMvision IT;11/2020
Al Dio ignoto;Italy;Film;2020;Rodolfo Bisatti;Chili AT;11/2020
Al Dio ignoto;Italy;Film;2020;Rodolfo Bisatti;Chili DE;11/2020
Al Dio ignoto;Italy;Film;2020;Rodolfo Bisatti;Chili GB;11/2020
Al Dio ignoto;Italy;Film;2020;Rodolfo Bisatti;Chili IT;11/2020
Al Dio ignoto;Italy;Film;2020;Rodolfo Bisatti;Chili PL;11/2020
Bill & Ted Face the Music;United States of America, Canada, Italy;Film;2020;Dean Parisot;Amazon TVOD AT;11/2020
Bill & Ted Face the Music;United States of America, Canada, Italy;Film;2020;Dean Parisot;Amazon TVOD DE;11/2020
Bill & Ted Face the Music;United States of America, Canada, Italy;Film;2020;Dean Parisot;EntertainTV DE;11/2020
Bill & Ted Face the Music;United States of America, Canada, Italy;Film;2020;Dean Parisot;Google Play Movies AT;11/2020
Bill & Ted Face the Music;United States of America, Canada, Italy;Film;2020;Dean Parisot;Google Play Movies BE;11/2020
Bill & Ted Face the Music;United States of America, Canada, Italy;Film;2020;Dean Parisot;Google Play Movies CZ;11/2020
Bill & Ted Face the Music;United States of America, Canada, Italy;Film;2020;Dean Parisot;Google Play Movies DE;11/2020
Bill & Ted Face the Music;United States of America, Canada, Italy;Film;2020;Dean Parisot;Google Play Movies ES;11/2020
Bill & Ted Face the Music;United States of America, Canada, Italy;Film;2020;Dean Parisot;Google Play Movies FR;11/2020
Bill & Ted Face the Music;United States of America, Canada, Italy;Film;2020;Dean Parisot;Google Play Movies HU;11/2020
Bill & Ted Face the Music;United States of America, Canada, Italy;Film;2020;Dean Parisot;Google Play Movies NL;11/2020
Bill & Ted Face the Music;United States of America, Canada, Italy;Film;2020;Dean Parisot;Google Play Movies PL;11/2020
Bill & Ted Face the Music;United States of America, Canada, Italy;Film;2020;Dean Parisot;Google Play Movies SK;12/2020
Bill & Ted Face the Music;United States of America, Canada, Italy;Film;2020;Dean Parisot;iTunes AT;11/2020
Bill & Ted Face the Music;United States of America, Canada, Italy;Film;2020;Dean Parisot;iTunes BE;11/2020
Bill & Ted Face the Music;United States of America, Canada, Italy;Film;2020;Dean Parisot;iTunes CZ;11/2020
Bill & Ted Face the Music;United States of America, Canada, Italy;Film;2020;Dean Parisot;iTunes DE;11/2020
Bill & Ted Face the Music;United States of America, Canada, Italy;Film;2020;Dean Parisot;iTunes ES;11/2020
Bill & Ted Face the Music;United States of America, Canada, Italy;Film;2020;Dean Parisot;iTunes FR;11/2020
Bill & Ted Face the Music;United States of America, Canada, Italy;Film;2020;Dean Parisot;iTunes HU;11/2020
Bill & Ted Face the Music;United States of America, Canada, Italy;Film;2020;Dean Parisot;iTunes NL;11/2020
Bill & Ted Face the Music;United States of America, Canada, Italy;Film;2020;Dean Parisot;iTunes PL;11/2020
Bill & Ted Face the Music;United States of America, Canada, Italy;Film;2020;Dean Parisot;Microsoft Films & TV AT;11/2020
Bill & Ted Face the Music;United States of America, Canada, Italy;Film;2020;Dean Parisot;Microsoft Films & TV DE;11/2020
Bill & Ted Face the Music;United States of America, Canada, Italy;Film;2020;Dean Parisot;Microsoft Films & TV ES;11/2020
Bill & Ted Face the Music;United States of America, Canada, Italy;Film;2020;Dean Parisot;Microsoft Films & TV FR;11/2020
Bill & Ted Face the Music;United States of America, Canada, Italy;Film;2020;Dean Parisot;Microsoft Films & TV NL;11/2020
Bill & Ted Face the Music;United States of America, Canada, Italy;Film;2020;Dean Parisot;Pathé Thuis NL;11/2020
Bill & Ted Face the Music;United States of America, Canada, Italy;Film;2020;Dean Parisot;RakutenTV AT;11/2020
Bill & Ted Face the Music;United States of America, Canada, Italy;Film;2020;Dean Parisot;RakutenTV DE;11/2020
Bill & Ted Face the Music;United States of America, Canada, Italy;Film;2020;Dean Parisot;RakutenTV ES;11/2020
Bill & Ted Face the Music;United States of America, Canada, Italy;Film;2020;Dean Parisot;Rakuten TV NL;11/2020
Bill & Ted Face the Music;United States of America, Canada, Italy;Film;2020;Dean Parisot;Sky Store AT;11/2020
Bill & Ted Face the Music;United States of America, Canada, Italy;Film;2020;Dean Parisot;Sky Store DE;11/2020
Bill & Ted Face the Music;United States of America, Canada, Italy;Film;2020;Dean Parisot;Yelo Play BE;11/2020
Bill & Ted Face the Music;United States of America, Canada, Italy;Film;2020;Dean Parisot;YouTube Movies DE;11/2020
Bill & Ted Face the Music;United States of America, Canada, Italy;Film;2020;Dean Parisot;YouTube Movies FR;11/2020
Bill & Ted Face the Music;United States of America, Canada, Italy;Film;2020;Dean Parisot;YouTube Movies HU;11/2020
Bill & Ted Face the Music;United States of America, Canada, Italy;Film;2020;Dean Parisot;YouTube Movies PL;11/2020
Cambio tutto;Italy;Film;2020;Guido Chiesa;Amazon Prime Video IT;11/2020
Carolina e Topo Tip - Il mistero di Halloween;Italy;Film;2020;;Chili IT;11/2020
Carolina e Topo Tip - Il mistero di Halloween;Italy;Film;2020;;Google Play Movies IT;11/2020
Carolina e Topo Tip - Il mistero di Halloween;Italy;Film;2020;;iTunes IT;11/2020
Carolina e Topo Tip - Il mistero di Halloween;Italy;Film;2020;;RakutenTV IT;11/2020
Carolina e Topo Tip - Il mistero di Halloween;Italy;Film;2020;;TIMvision IT;11/2020
Clownery;Italy;Film;2020;Eros D'Antona;Amazon Prime Video GB;11/2020
Clownery;Italy;Film;2020;Eros D'Antona;Amazon Prime Video IE;11/2020
Clownery;Italy;Film;2020;Eros D'Antona;Amazon TVOD GB;11/2020
Clownery;Italy;Film;2020;Eros D'Antona;Chili IT;11/2020
Clownery;Italy;Film;2020;Eros D'Antona;Google Play Movies IT;11/2020
Clownery;Italy;Film;2020;Eros D'Antona;iTunes IT;11/2020
Cobra non è;Italy;Film;2020;Mauro Russo;Chili IT;11/2020
Cobra non è;Italy;Film;2020;Mauro Russo;Google Play Movies IT;11/2020
Cobra non è;Italy;Film;2020;Mauro Russo;iTunes IT;11/2020
Cobra non è;Italy;Film;2020;Mauro Russo;Microsoft Films & TV IT;11/2020
Cosa sarà;Italy;Film;2020;Francesco Bruni;Chili IT;11/2020
Cosa sarà;Italy;Film;2020;Francesco Bruni;Google Play Movies IT;11/2020
Cosa sarà;Italy;Film;2020;Francesco Bruni;Infinity TV IT;11/2020
Cosa sarà;Italy;Film;2020;Francesco Bruni;iTunes IT;11/2020
Cosa sarà;Italy;Film;2020;Francesco Bruni;RakutenTV IT;11/2020
Cosa sarà;Italy;Film;2020;Francesco Bruni;TIMvision IT;11/2020
Curse of the Blind Dead;Italy;Film;2020;Raffaele Picchio;Amazon TVOD AT;11/2020
Curse of the Blind Dead;Italy;Film;2020;Raffaele Picchio;Amazon TVOD DE;11/2020
Curse of the Blind Dead;Italy;Film;2020;Raffaele Picchio;Chili AT;11/2020
Curse of the Blind Dead;Italy;Film;2020;Raffaele Picchio;Chili DE;11/2020
Curse of the Blind Dead;Italy;Film;2020;Raffaele Picchio;Google Play Movies AT;11/2020
Curse of the Blind Dead;Italy;Film;2020;Raffaele Picchio;Google Play Movies DE;11/2020
Curse of the Blind Dead;Italy;Film;2020;Raffaele Picchio;iTunes AT;11/2020
Curse of the Blind Dead;Italy;Film;2020;Raffaele Picchio;iTunes DE;11/2020
Curse of the Blind Dead;Italy;Film;2020;Raffaele Picchio;Maxdome Store AT;11/2020
Curse of the Blind Dead;Italy;Film;2020;Raffaele Picchio;Maxdome Store DE;11/2020
Curse of the Blind Dead;Italy;Film;2020;Raffaele Picchio;Microsoft Films & TV AT;11/2020
Curse of the Blind Dead;Italy;Film;2020;Raffaele Picchio;Microsoft Films & TV DE;11/2020
Curse of the Blind Dead;Italy;Film;2020;Raffaele Picchio;YouTube Movies DE;11/2020
D.N.A.: Decisamente non adatti;Italy;Film;2020;Claudio Gregori, Pasquale Petrolo;Amazon Prime Video IT;11/2020
D.N.A.: Decisamente non adatti;Italy;Film;2020;Claudio Gregori, Pasquale Petrolo;Chili IT;11/2020
D.N.A.: Decisamente non adatti;Italy;Film;2020;Claudio Gregori, Pasquale Petrolo;Google Play Movies IT;11/2020
D.N.A.: Decisamente non adatti;Italy;Film;2020;Claudio Gregori, Pasquale Petrolo;iTunes IT;11/2020
D.N.A.: Decisamente non adatti;Italy;Film;2020;Claudio Gregori, Pasquale Petrolo;RakutenTV IT;11/2020
D.N.A.: Decisamente non adatti;Italy;Film;2020;Claudio Gregori, Pasquale Petrolo;Sky GO IT;11/2020
D.N.A.: Decisamente non adatti;Italy;Film;2020;Claudio Gregori, Pasquale Petrolo;Sky Now TV IT;11/2020
D.N.A.: Decisamente non adatti;Italy;Film;2020;Claudio Gregori, Pasquale Petrolo;TIMvision IT;11/2020
Die Sonnenstadt der Pharaonen;Germany, Italy;Film;2020;Saskia Weisheit, Christiane Streckfuß;Amazon TVOD AT;11/2020
Die Sonnenstadt der Pharaonen;Germany, Italy;Film;2020;Saskia Weisheit, Christiane Streckfuß;Amazon TVOD DE;11/2020
Die Sonnenstadt der Pharaonen;Germany, Italy;Film;2020;Saskia Weisheit, Christiane Streckfuß;Google Play Movies AT;11/2020
Die Sonnenstadt der Pharaonen;Germany, Italy;Film;2020;Saskia Weisheit, Christiane Streckfuß;Google Play Movies DE;11/2020
Die Sonnenstadt der Pharaonen;Germany, Italy;Film;2020;Saskia Weisheit, Christiane Streckfuß;Maxdome Store AT;11/2020
Die Sonnenstadt der Pharaonen;Germany, Italy;Film;2020;Saskia Weisheit, Christiane Streckfuß;Maxdome Store DE;11/2020
Die Sonnenstadt der Pharaonen;Germany, Italy;Film;2020;Saskia Weisheit, Christiane Streckfuß;YouTube Movies DE;11/2020
È per il tuo bene;Italy;Film;2020;Rolando Ravello;Amazon Prime Video IT;11/2020
Fabrizio De Andrè & PFM - Il concerto ritrovato;Italy;Film;2020;Walter Veltroni;Chili IT;11/2020
Fabrizio De Andrè & PFM - Il concerto ritrovato;Italy;Film;2020;Walter Veltroni;Google Play Movies IT;11/2020
Fabrizio De Andrè & PFM - Il concerto ritrovato;Italy;Film;2020;Walter Veltroni;iTunes IT;11/2020
Fabrizio De Andrè & PFM - Il concerto ritrovato;Italy;Film;2020;Walter Veltroni;RakutenTV IT;11/2020
Fabrizio De Andrè & PFM - Il concerto ritrovato;Italy;Film;2020;Walter Veltroni;TIMvision IT;11/2020
Fabula;Italy;Film;2020;Denis Frison;Amazon Prime Video GB;11/2020
Fabula;Italy;Film;2020;Denis Frison;Amazon Prime Video IE;11/2020
Fabula;Italy;Film;2020;Denis Frison;Amazon Prime Video IT;11/2020
Famo$o;Italy;Film;2020;Giuseppe Domingo Romano;Amazon Prime Video AT;11/2020
Famo$o;Italy;Film;2020;Giuseppe Domingo Romano;Amazon Prime Video BE;11/2020
Famo$o;Italy;Film;2020;Giuseppe Domingo Romano;Amazon Prime Video CZ;11/2020
Famo$o;Italy;Film;2020;Giuseppe Domingo Romano;Amazon Prime Video DE;11/2020
Famo$o;Italy;Film;2020;Giuseppe Domingo Romano;Amazon Prime Video DK;11/2020
Famo$o;Italy;Film;2020;Giuseppe Domingo Romano;Amazon Prime Video EE;11/2020
Famo$o;Italy;Film;2020;Giuseppe Domingo Romano;Amazon Prime Video ES;11/2020
Famo$o;Italy;Film;2020;Giuseppe Domingo Romano;Amazon Prime Video FI;11/2020
Famo$o;Italy;Film;2020;Giuseppe Domingo Romano;Amazon Prime Video FR;11/2020
Famo$o;Italy;Film;2020;Giuseppe Domingo Romano;Amazon Prime Video GB;11/2020
Famo$o;Italy;Film;2020;Giuseppe Domingo Romano;Amazon Prime Video HU;11/2020
Famo$o;Italy;Film;2020;Giuseppe Domingo Romano;Amazon Prime Video IE;11/2020
Famo$o;Italy;Film;2020;Giuseppe Domingo Romano;Amazon Prime Video IT;11/2020
Famo$o;Italy;Film;2020;Giuseppe Domingo Romano;Amazon Prime Video LT;11/2020
Famo$o;Italy;Film;2020;Giuseppe Domingo Romano;Amazon Prime Video LV;11/2020
Famo$o;Italy;Film;2020;Giuseppe Domingo Romano;Amazon Prime Video NL;11/2020
Famo$o;Italy;Film;2020;Giuseppe Domingo Romano;Amazon Prime Video PL;11/2020
Famo$o;Italy;Film;2020;Giuseppe Domingo Romano;Amazon Prime Video PT;11/2020
Famo$o;Italy;Film;2020;Giuseppe Domingo Romano;Amazon Prime Video RO;11/2020
Famo$o;Italy;Film;2020;Giuseppe Domingo Romano;Amazon Prime Video SE;11/2020
Famosa;Italy;Film;2020;Alessandra Mortelliti;Chili IT;11/2020
Famosa;Italy;Film;2020;Alessandra Mortelliti;Google Play Movies IT;11/2020
Famosa;Italy;Film;2020;Alessandra Mortelliti;Infinity TV IT;11/2020
Famosa;Italy;Film;2020;Alessandra Mortelliti;iTunes IT;11/2020
Famosa;Italy;Film;2020;Alessandra Mortelliti;RakutenTV IT;11/2020
Famosa;Italy;Film;2020;Alessandra Mortelliti;TIMvision IT;11/2020
Favolacce;Italy, Switzerland;Film;2020;Damiano D'Innocenzo, Fabio D'Innocenzo;Amazon Prime Video IT;11/2020
Favolacce;Italy, Switzerland;Film;2020;Damiano D'Innocenzo, Fabio D'Innocenzo;Chili IT;11/2020
Favolacce;Italy, Switzerland;Film;2020;Damiano D'Innocenzo, Fabio D'Innocenzo;Google Play Movies IT;11/2020
Favolacce;Italy, Switzerland;Film;2020;Damiano D'Innocenzo, Fabio D'Innocenzo;iTunes IT;11/2020
Favolacce;Italy, Switzerland;Film;2020;Damiano D'Innocenzo, Fabio D'Innocenzo;RakutenTV IT;11/2020
Favolacce;Italy, Switzerland;Film;2020;Damiano D'Innocenzo, Fabio D'Innocenzo;Sky GO IT;11/2020
Favolacce;Italy, Switzerland;Film;2020;Damiano D'Innocenzo, Fabio D'Innocenzo;Sky Now TV IT;11/2020
Favolacce;Italy, Switzerland;Film;2020;Damiano D'Innocenzo, Fabio D'Innocenzo;TIMvision IT;11/2020
Figli;Italy;Film;2020;Giuseppe Bonito;Amazon Prime Video IT;11/2020
Figli;Italy;Film;2020;Giuseppe Bonito;Chili IT;11/2020
Figli;Italy;Film;2020;Giuseppe Bonito;Google Play Movies IT;11/2020
Figli;Italy;Film;2020;Giuseppe Bonito;iTunes IT;11/2020
Figli;Italy;Film;2020;Giuseppe Bonito;RakutenTV IT;11/2020
Figli;Italy;Film;2020;Giuseppe Bonito;Sky GO IT;11/2020
Figli;Italy;Film;2020;Giuseppe Bonito;Sky Now TV IT;11/2020
Figli;Italy;Film;2020;Giuseppe Bonito;TIMvision IT;11/2020
Gli anni più belli;Italy;Film;2020;Gabriele Muccino;Chili IT;11/2020
Gli anni più belli;Italy;Film;2020;Gabriele Muccino;Google Play Movies IT;11/2020
Gli anni più belli;Italy;Film;2020;Gabriele Muccino;Google Play Movies NL;11/2020
Gli anni più belli;Italy;Film;2020;Gabriele Muccino;Infinity TV IT;11/2020
Gli anni più belli;Italy;Film;2020;Gabriele Muccino;iTunes IT;11/2020
Gli anni più belli;Italy;Film;2020;Gabriele Muccino;iTunes NL;11/2020
Gli anni più belli;Italy;Film;2020;Gabriele Muccino;Microsoft Films & TV IT;11/2020
Gli anni più belli;Italy;Film;2020;Gabriele Muccino;Picl NL;11/2020
Gli anni più belli;Italy;Film;2020;Gabriele Muccino;RakutenTV IT;11/2020
Gli anni più belli;Italy;Film;2020;Gabriele Muccino;Rakuten TV NL;11/2020
Gli anni più belli;Italy;Film;2020;Gabriele Muccino;Sky GO IT;11/2020
Gli anni più belli;Italy;Film;2020;Gabriele Muccino;Sky Now TV IT;11/2020
Gli anni più belli;Italy;Film;2020;Gabriele Muccino;TIMvision IT;11/2020
Hammamet;Italy;Film;2020;Gianni Amelio;Chili IT;11/2020
Hammamet;Italy;Film;2020;Gianni Amelio;Google Play Movies IT;11/2020
Hammamet;Italy;Film;2020;Gianni Amelio;iTunes IT;11/2020
Hammamet;Italy;Film;2020;Gianni Amelio;Microsoft Films & TV IT;11/2020
Hammamet;Italy;Film;2020;Gianni Amelio;RakutenTV IT;11/2020
Hammamet;Italy;Film;2020;Gianni Amelio;Sky GO IT;11/2020
Hammamet;Italy;Film;2020;Gianni Amelio;Sky Now TV IT;11/2020
Hammamet;Italy;Film;2020;Gianni Amelio;TIMvision IT;11/2020
I Liviatani;Italy, France;Film;2020;Riccardo Papa;Chili IT;11/2020
I Liviatani;Italy, France;Film;2020;Riccardo Papa;Google Play Movies IT;11/2020
I Liviatani;Italy, France;Film;2020;Riccardo Papa;iTunes IT;11/2020
I Liviatani;Italy, France;Film;2020;Riccardo Papa;RakutenTV IT;11/2020
Il caso Pantani - L'omicidio di un campione;Italy;Film;2020;Domenico Ciolfi;Chili IT;11/2020
Il caso Pantani - L'omicidio di un campione;Italy;Film;2020;Domenico Ciolfi;Google Play Movies IT;11/2020
Il caso Pantani - L'omicidio di un campione;Italy;Film;2020;Domenico Ciolfi;RakutenTV IT;11/2020
Il caso Pantani - L'omicidio di un campione;Italy;Film;2020;Domenico Ciolfi;TIMvision IT;11/2020
Il Commissario Montalbano: Salvo amato, Livia mia;Italy;Film;2020;Luca Zingaretti;Google Play Movies SE;11/2020
Il Commissario Montalbano: Salvo amato, Livia mia;Italy;Film;2020;Luca Zingaretti;iTunes DK;11/2020
Il Commissario Montalbano: Salvo amato, Livia mia;Italy;Film;2020;Luca Zingaretti;iTunes SE;11/2020
Il Ladro di Cardellini;Italy;Film;2020;Carlo Luglio;Chili IT;11/2020
Il Ladro di Cardellini;Italy;Film;2020;Carlo Luglio;Google Play Movies IT;11/2020
Il Ladro di Cardellini;Italy;Film;2020;Carlo Luglio;RakutenTV IT;11/2020
Il legame;Italy;Film;2020;Domenico Emanuele de Feudis;Netflix AT;11/2020
Il legame;Italy;Film;2020;Domenico Emanuele de Feudis;Netflix BE;11/2020
Il legame;Italy;Film;2020;Domenico Emanuele de Feudis;Netflix CZ;11/2020
Il legame;Italy;Film;2020;Domenico Emanuele de Feudis;Netflix DE;11/2020
Il legame;Italy;Film;2020;Domenico Emanuele de Feudis;Netflix DK;11/2020
Il legame;Italy;Film;2020;Domenico Emanuele de Feudis;Netflix EE;11/2020
Il legame;Italy;Film;2020;Domenico Emanuele de Feudis;Netflix ES;11/2020
Il legame;Italy;Film;2020;Domenico Emanuele de Feudis;Netflix FI;11/2020
Il legame;Italy;Film;2020;Domenico Emanuele de Feudis;Netflix FR;11/2020
Il legame;Italy;Film;2020;Domenico Emanuele de Feudis;Netflix GB;11/2020
Il legame;Italy;Film;2020;Domenico Emanuele de Feudis;Netflix HU;11/2020
Il legame;Italy;Film;2020;Domenico Emanuele de Feudis;Netflix IE;11/2020
Il legame;Italy;Film;2020;Domenico Emanuele de Feudis;Netflix IT;11/2020
Il legame;Italy;Film;2020;Domenico Emanuele de Feudis;Netflix LT;11/2020
Il legame;Italy;Film;2020;Domenico Emanuele de Feudis;Netflix LV;11/2020
Il legame;Italy;Film;2020;Domenico Emanuele de Feudis;Netflix NL;11/2020
Il legame;Italy;Film;2020;Domenico Emanuele de Feudis;Netflix PL;11/2020
Il legame;Italy;Film;2020;Domenico Emanuele de Feudis;Netflix PT;11/2020
Il legame;Italy;Film;2020;Domenico Emanuele de Feudis;Netflix RO;11/2020
Il legame;Italy;Film;2020;Domenico Emanuele de Feudis;Netflix SE;11/2020
Impressionisti segreti;Italy;Film;2020;Daniele Pini;Aerovod CZ;12/2020
In My Room;France, Italy;Film;2020;Mati Diop;MUBI AT;11/2020
In My Room;France, Italy;Film;2020;Mati Diop;MUBI BE;11/2020
In My Room;France, Italy;Film;2020;Mati Diop;MUBI CZ;11/2020
In My Room;France, Italy;Film;2020;Mati Diop;MUBI DE;11/2020
In My Room;France, Italy;Film;2020;Mati Diop;MUBI DK;11/2020
In My Room;France, Italy;Film;2020;Mati Diop;MUBI EE;11/2020
In My Room;France, Italy;Film;2020;Mati Diop;MUBI ES;11/2020
In My Room;France, Italy;Film;2020;Mati Diop;MUBI FI;11/2020
In My Room;France, Italy;Film;2020;Mati Diop;MUBI FR;11/2020
In My Room;France, Italy;Film;2020;Mati Diop;MUBI GB;11/2020
In My Room;France, Italy;Film;2020;Mati Diop;MUBI HU;11/2020
In My Room;France, Italy;Film;2020;Mati Diop;MUBI IE;11/2020
In My Room;France, Italy;Film;2020;Mati Diop;MUBI IT;11/2020
In My Room;France, Italy;Film;2020;Mati Diop;MUBI LT;11/2020
In My Room;France, Italy;Film;2020;Mati Diop;MUBI LV;11/2020
In My Room;France, Italy;Film;2020;Mati Diop;MUBI NL;11/2020
In My Room;France, Italy;Film;2020;Mati Diop;MUBI PL;11/2020
In My Room;France, Italy;Film;2020;Mati Diop;MUBI PT;11/2020
In My Room;France, Italy;Film;2020;Mati Diop;MUBI RO;11/2020
In My Room;France, Italy;Film;2020;Mati Diop;MUBI SE;11/2020
Io, Vittorio Feltri;Italy;Film;2020;Tiziano Sossi;Chili IT;11/2020
Istmo;Italy;Film;2020;Carlo Fenizi;Chili AT;11/2020
Istmo;Italy;Film;2020;Carlo Fenizi;Chili DE;11/2020
Istmo;Italy;Film;2020;Carlo Fenizi;Chili GB;11/2020
Istmo;Italy;Film;2020;Carlo Fenizi;Chili IT;11/2020
Istmo;Italy;Film;2020;Carlo Fenizi;Chili PL;11/2020
L'ultimo uomo che dipinse il cinema;Italy;Film;2020;Walter Bencini;Chili GB;11/2020
L'ultimo uomo che dipinse il cinema;Italy;Film;2020;Walter Bencini;Chili IT;11/2020
L'ultimo uomo che dipinse il cinema;Italy;Film;2020;Walter Bencini;Chili PL;11/2020
La guerra di Cam;Italy;Film;2020;Laura Muscardin;Chili IT;11/2020
La mia banda suona il pop;Italy;Film;2020;Fausto Brizzi;Chili IT;11/2020
La mia banda suona il pop;Italy;Film;2020;Fausto Brizzi;Infinity TV IT;11/2020
La mia banda suona il pop;Italy;Film;2020;Fausto Brizzi;RakutenTV IT;11/2020
La mia banda suona il pop;Italy;Film;2020;Fausto Brizzi;TIMvision IT;11/2020
La vita davanti a sé;Italy;Film;2020;Edoardo Ponti;Netflix AT;11/2020
La vita davanti a sé;Italy;Film;2020;Edoardo Ponti;Netflix BE;11/2020
La vita davanti a sé;Italy;Film;2020;Edoardo Ponti;Netflix CZ;11/2020
La vita davanti a sé;Italy;Film;2020;Edoardo Ponti;Netflix DE;11/2020
La vita davanti a sé;Italy;Film;2020;Edoardo Ponti;Netflix DK;11/2020
La vita davanti a sé;Italy;Film;2020;Edoardo Ponti;Netflix ES;11/2020
La vita davanti a sé;Italy;Film;2020;Edoardo Ponti;Netflix FI;11/2020
La vita davanti a sé;Italy;Film;2020;Edoardo Ponti;Netflix FR;11/2020
La vita davanti a sé;Italy;Film;2020;Edoardo Ponti;Netflix GB;11/2020
La vita davanti a sé;Italy;Film;2020;Edoardo Ponti;Netflix HU;11/2020
La vita davanti a sé;Italy;Film;2020;Edoardo Ponti;Netflix IE;11/2020
La vita davanti a sé;Italy;Film;2020;Edoardo Ponti;Netflix IT;11/2020
La vita davanti a sé;Italy;Film;2020;Edoardo Ponti;Netflix LT;11/2020
La vita davanti a sé;Italy;Film;2020;Edoardo Ponti;Netflix LV;11/2020
La vita davanti a sé;Italy;Film;2020;Edoardo Ponti;Netflix NL;11/2020
La vita davanti a sé;Italy;Film;2020;Edoardo Ponti;Netflix PL;11/2020
La vita davanti a sé;Italy;Film;2020;Edoardo Ponti;Netflix PT;11/2020
La vita davanti a sé;Italy;Film;2020;Edoardo Ponti;Netflix RO;11/2020
La vita davanti a sé;Italy;Film;2020;Edoardo Ponti;Netflix SE;11/2020
La volta buona;Italy;Film;2020;Vincenzo Marra;TIMvision IT;11/2020
Love Wedding Repeat;United Kingdom, Italy;Film;2020;Dean Craig;Netflix AD;12/2020
Love Wedding Repeat;United Kingdom, Italy;Film;2020;Dean Craig;Netflix AL;12/2020
Love Wedding Repeat;United Kingdom, Italy;Film;2020;Dean Craig;Netflix AM;12/2020
Love Wedding Repeat;United Kingdom, Italy;Film;2020;Dean Craig;Netflix AT;12/2020
Love Wedding Repeat;United Kingdom, Italy;Film;2020;Dean Craig;Netflix AZ;12/2020
Love Wedding Repeat;United Kingdom, Italy;Film;2020;Dean Craig;Netflix BA;12/2020
Love Wedding Repeat;United Kingdom, Italy;Film;2020;Dean Craig;Netflix BE;12/2020
Love Wedding Repeat;United Kingdom, Italy;Film;2020;Dean Craig;Netflix BG;12/2020
Love Wedding Repeat;United Kingdom, Italy;Film;2020;Dean Craig;Netflix CY;12/2020
Love Wedding Repeat;United Kingdom, Italy;Film;2020;Dean Craig;Netflix CZ;12/2020
Love Wedding Repeat;United Kingdom, Italy;Film;2020;Dean Craig;Netflix DE;12/2020
Love Wedding Repeat;United Kingdom, Italy;Film;2020;Dean Craig;Netflix DK;12/2020
Love Wedding Repeat;United Kingdom, Italy;Film;2020;Dean Craig;Netflix EE;12/2020
Love Wedding Repeat;United Kingdom, Italy;Film;2020;Dean Craig;Netflix ES;12/2020
Love Wedding Repeat;United Kingdom, Italy;Film;2020;Dean Craig;Netflix FI;12/2020
Love Wedding Repeat;United Kingdom, Italy;Film;2020;Dean Craig;Netflix FR;12/2020
Love Wedding Repeat;United Kingdom, Italy;Film;2020;Dean Craig;Netflix GB;12/2020
Love Wedding Repeat;United Kingdom, Italy;Film;2020;Dean Craig;Netflix GE;12/2020
Love Wedding Repeat;United Kingdom, Italy;Film;2020;Dean Craig;Netflix GR;12/2020
Love Wedding Repeat;United Kingdom, Italy;Film;2020;Dean Craig;Netflix HR;12/2020
Love Wedding Repeat;United Kingdom, Italy;Film;2020;Dean Craig;Netflix HU;12/2020
Love Wedding Repeat;United Kingdom, Italy;Film;2020;Dean Craig;Netflix IE;12/2020
Love Wedding Repeat;United Kingdom, Italy;Film;2020;Dean Craig;Netflix IS;12/2020
Love Wedding Repeat;United Kingdom, Italy;Film;2020;Dean Craig;Netflix IT;12/2020
Love Wedding Repeat;United Kingdom, Italy;Film;2020;Dean Craig;Netflix LI;12/2020
Love Wedding Repeat;United Kingdom, Italy;Film;2020;Dean Craig;Netflix LT;12/2020
Love Wedding Repeat;United Kingdom, Italy;Film;2020;Dean Craig;Netflix LU;12/2020
Love Wedding Repeat;United Kingdom, Italy;Film;2020;Dean Craig;Netflix LV;12/2020
Love Wedding Repeat;United Kingdom, Italy;Film;2020;Dean Craig;Netflix MC;12/2020
Love Wedding Repeat;United Kingdom, Italy;Film;2020;Dean Craig;Netflix ME;12/2020
Love Wedding Repeat;United Kingdom, Italy;Film;2020;Dean Craig;Netflix MK;12/2020
Love Wedding Repeat;United Kingdom, Italy;Film;2020;Dean Craig;Netflix MT;12/2020
Love Wedding Repeat;United Kingdom, Italy;Film;2020;Dean Craig;Netflix NL;12/2020
Love Wedding Repeat;United Kingdom, Italy;Film;2020;Dean Craig;Netflix PL;12/2020
Love Wedding Repeat;United Kingdom, Italy;Film;2020;Dean Craig;Netflix PT;12/2020
Love Wedding Repeat;United Kingdom, Italy;Film;2020;Dean Craig;Netflix RO;12/2020
Love Wedding Repeat;United Kingdom, Italy;Film;2020;Dean Craig;Netflix RS;12/2020
Love Wedding Repeat;United Kingdom, Italy;Film;2020;Dean Craig;Netflix RU;12/2020
Love Wedding Repeat;United Kingdom, Italy;Film;2020;Dean Craig;Netflix SE;12/2020
Love Wedding Repeat;United Kingdom, Italy;Film;2020;Dean Craig;Netflix SI;12/2020
Love Wedding Repeat;United Kingdom, Italy;Film;2020;Dean Craig;Netflix SK;12/2020
Love Wedding Repeat;United Kingdom, Italy;Film;2020;Dean Craig;Netflix SM;12/2020
Love Wedding Repeat;United Kingdom, Italy;Film;2020;Dean Craig;Netflix TR;12/2020
Love Wedding Repeat;United Kingdom, Italy;Film;2020;Dean Craig;Netflix UA;12/2020
Made in Italy;United Kingdom, Italy;Film;2020;James D'Arcy;Blockbuster DK;11/2020
Made in Italy;United Kingdom, Italy;Film;2020;James D'Arcy;Blockbuster FI;11/2020
Made in Italy;United Kingdom, Italy;Film;2020;James D'Arcy;Blockbuster SE;11/2020
Made in Italy;United Kingdom, Italy;Film;2020;James D'Arcy;Google Play Movies DK;11/2020
Made in Italy;United Kingdom, Italy;Film;2020;James D'Arcy;Google Play Movies FI;11/2020
Made in Italy;United Kingdom, Italy;Film;2020;James D'Arcy;Google Play Movies SE;11/2020
Made in Italy;United Kingdom, Italy;Film;2020;James D'Arcy;iTunes DK;11/2020
Made in Italy;United Kingdom, Italy;Film;2020;James D'Arcy;iTunes FI;11/2020
Made in Italy;United Kingdom, Italy;Film;2020;James D'Arcy;iTunes SE;11/2020
Made in Italy;United Kingdom, Italy;Film;2020;James D'Arcy;Rakuten TV DK;11/2020
Made in Italy;United Kingdom, Italy;Film;2020;James D'Arcy;Rakuten TV FI;11/2020
Made in Italy;United Kingdom, Italy;Film;2020;James D'Arcy;Rakuten TV SE;11/2020
Made in Italy;United Kingdom, Italy;Film;2020;James D'Arcy;SF Anytime FI;11/2020
Made in Italy;United Kingdom, Italy;Film;2020;James D'Arcy;SF Anytime SE;11/2020
Made in Italy;United Kingdom, Italy;Film;2020;James D'Arcy;Viaplay DK;11/2020
Made in Italy;United Kingdom, Italy;Film;2020;James D'Arcy;Viaplay FI;11/2020
Made in Italy;United Kingdom, Italy;Film;2020;James D'Arcy;Viaplay SE;11/2020
Me contro Te - Il film: La vendetta del Signor S;Italy;Film;2020;Gianluca Leuzzi;Chili IT;11/2020
Me contro Te - Il film: La vendetta del Signor S;Italy;Film;2020;Gianluca Leuzzi;Google Play Movies IT;11/2020
Me contro Te - Il film: La vendetta del Signor S;Italy;Film;2020;Gianluca Leuzzi;iTunes IT;11/2020
Me contro Te - Il film: La vendetta del Signor S;Italy;Film;2020;Gianluca Leuzzi;Microsoft Films & TV IT;11/2020
Me contro Te - Il film: La vendetta del Signor S;Italy;Film;2020;Gianluca Leuzzi;RakutenTV IT;11/2020
Me contro Te - Il film: La vendetta del Signor S;Italy;Film;2020;Gianluca Leuzzi;TIMvision IT;11/2020
Mi chiamo Francesco Totti;Italy;Film;2020;Alex Infascelli;Amazon Prime Video IT;11/2020
Mi chiamo Francesco Totti;Italy;Film;2020;Alex Infascelli;Chili IT;11/2020
Mi chiamo Francesco Totti;Italy;Film;2020;Alex Infascelli;Google Play Movies IT;11/2020
Mi chiamo Francesco Totti;Italy;Film;2020;Alex Infascelli;Infinity TV IT;11/2020
Mi chiamo Francesco Totti;Italy;Film;2020;Alex Infascelli;iTunes IT;11/2020
Mi chiamo Francesco Totti;Italy;Film;2020;Alex Infascelli;RakutenTV IT;11/2020
Mi chiamo Francesco Totti;Italy;Film;2020;Alex Infascelli;Sky GO IT;11/2020
Mi chiamo Francesco Totti;Italy;Film;2020;Alex Infascelli;TIMvision IT;11/2020
My lake;Germany, Croatia, North Macedonia, Italy, Albania;Film;2020;Gjergj Xhuvani;HBO GO SK;12/2020
Nessun nome nei titoli di coda;Italy;Film;2020;Simone Amendola;Chili IT;11/2020
Nightfire;United States of America, Italy;Film;2020;Brando Benetton;Amazon Prime Video GB;11/2020
Nightfire;United States of America, Italy;Film;2020;Brando Benetton;Amazon Prime Video IE;11/2020
Nightfire;United States of America, Italy;Film;2020;Brando Benetton;Amazon TVOD GB;11/2020
Nightwalk;Italy, Poland;Film;2020;Malgorzata Szumowska;MUBI AT;11/2020
Nightwalk;Italy, Poland;Film;2020;Malgorzata Szumowska;MUBI BE;11/2020
Nightwalk;Italy, Poland;Film;2020;Malgorzata Szumowska;MUBI CZ;11/2020
Nightwalk;Italy, Poland;Film;2020;Malgorzata Szumowska;MUBI DK;11/2020
Nightwalk;Italy, Poland;Film;2020;Malgorzata Szumowska;MUBI EE;11/2020
Nightwalk;Italy, Poland;Film;2020;Malgorzata Szumowska;MUBI ES;11/2020
Nightwalk;Italy, Poland;Film;2020;Malgorzata Szumowska;MUBI FI;11/2020
Nightwalk;Italy, Poland;Film;2020;Malgorzata Szumowska;MUBI GB;11/2020
Nightwalk;Italy, Poland;Film;2020;Malgorzata Szumowska;MUBI HU;11/2020
Nightwalk;Italy, Poland;Film;2020;Malgorzata Szumowska;MUBI IE;11/2020
Nightwalk;Italy, Poland;Film;2020;Malgorzata Szumowska;MUBI IT;11/2020
Nightwalk;Italy, Poland;Film;2020;Malgorzata Szumowska;MUBI LT;11/2020
Nightwalk;Italy, Poland;Film;2020;Malgorzata Szumowska;MUBI LV;11/2020
Nightwalk;Italy, Poland;Film;2020;Malgorzata Szumowska;MUBI NL;11/2020
Nightwalk;Italy, Poland;Film;2020;Malgorzata Szumowska;MUBI PL;11/2020
Nightwalk;Italy, Poland;Film;2020;Malgorzata Szumowska;MUBI PT;11/2020
Nightwalk;Italy, Poland;Film;2020;Malgorzata Szumowska;MUBI RO;11/2020
Nightwalk;Italy, Poland;Film;2020;Malgorzata Szumowska;MUBI SE;11/2020
Odio l'estate;Italy;Film;2020;Massimo Venier;Chili IT;11/2020
Odio l'estate;Italy;Film;2020;Massimo Venier;Infinity TV IT;11/2020
Odio l'estate;Italy;Film;2020;Massimo Venier;iTunes IT;11/2020
Odio l'estate;Italy;Film;2020;Massimo Venier;RakutenTV IT;11/2020
Odio l'estate;Italy;Film;2020;Massimo Venier;TIMvision IT;11/2020
Picciridda - Con i piedi nella sabbia;Italy;Film;2020;Paolo Licata;Chili IT;11/2020
Picciridda - Con i piedi nella sabbia;Italy;Film;2020;Paolo Licata;Google Play Movies BE;11/2020
Picciridda - Con i piedi nella sabbia;Italy;Film;2020;Paolo Licata;Google Play Movies NL;11/2020
Picciridda - Con i piedi nella sabbia;Italy;Film;2020;Paolo Licata;iTunes BE;11/2020
Picciridda - Con i piedi nella sabbia;Italy;Film;2020;Paolo Licata;iTunes NL;11/2020
Picciridda - Con i piedi nella sabbia;Italy;Film;2020;Paolo Licata;Rakuten TV NL;11/2020
Punta Sacra;Italy;Film;2020;Francesca Mazzoleni;Filmin TVOD ES;11/2020
Shortcut;Italy, Germany;Film;2020;Alessio Liguori;Chili IT;11/2020
Shortcut;Italy, Germany;Film;2020;Alessio Liguori;Google Play Movies IT;11/2020
Shortcut;Italy, Germany;Film;2020;Alessio Liguori;Infinity TV IT;11/2020
Shortcut;Italy, Germany;Film;2020;Alessio Liguori;iTunes IT;11/2020
Shortcut;Italy, Germany;Film;2020;Alessio Liguori;RakutenTV IT;11/2020
Si muore solo da vivi;Italy;Film;2020;Alberto Rizzi;Amazon Prime Video IT;11/2020
Si muore solo da vivi;Italy;Film;2020;Alberto Rizzi;Chili IT;11/2020
Si muore solo da vivi;Italy;Film;2020;Alberto Rizzi;Google Play Movies IT;11/2020
Si muore solo da vivi;Italy;Film;2020;Alberto Rizzi;iTunes IT;11/2020
Si muore solo da vivi;Italy;Film;2020;Alberto Rizzi;RakutenTV IT;11/2020
Siberia;Italy, Germany, Greece, Mexico;Film;2020;Abel Ferrara;Amazon TVOD AT;11/2020
Siberia;Italy, Germany, Greece, Mexico;Film;2020;Abel Ferrara;Amazon TVOD DE;11/2020
Siberia;Italy, Germany, Greece, Mexico;Film;2020;Abel Ferrara;Chili AT;11/2020
Siberia;Italy, Germany, Greece, Mexico;Film;2020;Abel Ferrara;Chili DE;11/2020
Siberia;Italy, Germany, Greece, Mexico;Film;2020;Abel Ferrara;EntertainTV DE;11/2020
Siberia;Italy, Germany, Greece, Mexico;Film;2020;Abel Ferrara;iTunes AT;11/2020
Siberia;Italy, Germany, Greece, Mexico;Film;2020;Abel Ferrara;iTunes DE;11/2020
Siberia;Italy, Germany, Greece, Mexico;Film;2020;Abel Ferrara;RakutenTV AT;11/2020
Siberia;Italy, Germany, Greece, Mexico;Film;2020;Abel Ferrara;RakutenTV DE;11/2020
Sotto il sole di Riccione;Italy;Film;2020;Younuts;Netflix AD;12/2020
Sotto il sole di Riccione;Italy;Film;2020;Younuts;Netflix AL;12/2020
Sotto il sole di Riccione;Italy;Film;2020;Younuts;Netflix AM;12/2020
Sotto il sole di Riccione;Italy;Film;2020;Younuts;Netflix AT;12/2020
Sotto il sole di Riccione;Italy;Film;2020;Younuts;Netflix AZ;12/2020
Sotto il sole di Riccione;Italy;Film;2020;Younuts;Netflix BA;12/2020
Sotto il sole di Riccione;Italy;Film;2020;Younuts;Netflix BE;12/2020
Sotto il sole di Riccione;Italy;Film;2020;Younuts;Netflix BG;12/2020
Sotto il sole di Riccione;Italy;Film;2020;Younuts;Netflix CY;12/2020
Sotto il sole di Riccione;Italy;Film;2020;Younuts;Netflix CZ;12/2020
Sotto il sole di Riccione;Italy;Film;2020;Younuts;Netflix DE;12/2020
Sotto il sole di Riccione;Italy;Film;2020;Younuts;Netflix DK;12/2020
Sotto il sole di Riccione;Italy;Film;2020;Younuts;Netflix EE;12/2020
Sotto il sole di Riccione;Italy;Film;2020;Younuts;Netflix ES;12/2020
Sotto il sole di Riccione;Italy;Film;2020;Younuts;Netflix FI;12/2020
Sotto il sole di Riccione;Italy;Film;2020;Younuts;Netflix FR;12/2020
Sotto il sole di Riccione;Italy;Film;2020;Younuts;Netflix GB;12/2020
Sotto il sole di Riccione;Italy;Film;2020;Younuts;Netflix GE;12/2020
Sotto il sole di Riccione;Italy;Film;2020;Younuts;Netflix GR;12/2020
Sotto il sole di Riccione;Italy;Film;2020;Younuts;Netflix HR;12/2020
Sotto il sole di Riccione;Italy;Film;2020;Younuts;Netflix HU;12/2020
Sotto il sole di Riccione;Italy;Film;2020;Younuts;Netflix IE;12/2020
Sotto il sole di Riccione;Italy;Film;2020;Younuts;Netflix IS;12/2020
Sotto il sole di Riccione;Italy;Film;2020;Younuts;Netflix IT;12/2020
Sotto il sole di Riccione;Italy;Film;2020;Younuts;Netflix LI;12/2020
Sotto il sole di Riccione;Italy;Film;2020;Younuts;Netflix LT;12/2020
Sotto il sole di Riccione;Italy;Film;2020;Younuts;Netflix LU;12/2020
Sotto il sole di Riccione;Italy;Film;2020;Younuts;Netflix LV;12/2020
Sotto il sole di Riccione;Italy;Film;2020;Younuts;Netflix MC;12/2020
Sotto il sole di Riccione;Italy;Film;2020;Younuts;Netflix ME;12/2020
Sotto il sole di Riccione;Italy;Film;2020;Younuts;Netflix MK;12/2020
Sotto il sole di Riccione;Italy;Film;2020;Younuts;Netflix MT;12/2020
Sotto il sole di Riccione;Italy;Film;2020;Younuts;Netflix NL;12/2020
Sotto il sole di Riccione;Italy;Film;2020;Younuts;Netflix PL;12/2020
Sotto il sole di Riccione;Italy;Film;2020;Younuts;Netflix PT;12/2020
Sotto il sole di Riccione;Italy;Film;2020;Younuts;Netflix RO;12/2020
Sotto il sole di Riccione;Italy;Film;2020;Younuts;Netflix RS;12/2020
Sotto il sole di Riccione;Italy;Film;2020;Younuts;Netflix RU;12/2020
Sotto il sole di Riccione;Italy;Film;2020;Younuts;Netflix SE;12/2020
Sotto il sole di Riccione;Italy;Film;2020;Younuts;Netflix SI;12/2020
Sotto il sole di Riccione;Italy;Film;2020;Younuts;Netflix SK;12/2020
Sotto il sole di Riccione;Italy;Film;2020;Younuts;Netflix SM;12/2020
Sotto il sole di Riccione;Italy;Film;2020;Younuts;Netflix TR;12/2020
Sotto il sole di Riccione;Italy;Film;2020;Younuts;Netflix UA;12/2020
Spore;Italy;Film;2020;Alessia Di Giovanni;Chili IT;11/2020
Starman;Italy;Film;2020;Gianluca Cerasola;Amazon Prime Video IT;11/2020
Starman;Italy;Film;2020;Gianluca Cerasola;Chili IT;11/2020
Starman;Italy;Film;2020;Gianluca Cerasola;Google Play Movies IT;11/2020
Starman;Italy;Film;2020;Gianluca Cerasola;iTunes IT;11/2020
Starman;Italy;Film;2020;Gianluca Cerasola;RakutenTV IT;11/2020
Stuck Intrappolati nell'oscurità;Italy;Film;2020;Alessio De Bernardi;Amazon Prime Video AT;11/2020
Stuck Intrappolati nell'oscurità;Italy;Film;2020;Alessio De Bernardi;Amazon Prime Video DE;11/2020
Stuck Intrappolati nell'oscurità;Italy;Film;2020;Alessio De Bernardi;Amazon TVOD AT;11/2020
Stuck Intrappolati nell'oscurità;Italy;Film;2020;Alessio De Bernardi;Amazon TVOD DE;11/2020
Stuck Intrappolati nell'oscurità;Italy;Film;2020;Alessio De Bernardi;Amazon TVOD GB;11/2020
Stuck Intrappolati nell'oscurità;Italy;Film;2020;Alessio De Bernardi;Chili AT;11/2020
Stuck Intrappolati nell'oscurità;Italy;Film;2020;Alessio De Bernardi;Chili DE;11/2020
Stuck Intrappolati nell'oscurità;Italy;Film;2020;Alessio De Bernardi;Chili GB;11/2020
Stuck Intrappolati nell'oscurità;Italy;Film;2020;Alessio De Bernardi;Chili IT;11/2020
The Man with the Camera;Germany, Italy;Film;2020;B.K. Wunder;Filmin TVOD ES;11/2020
The Man with the Camera;Germany, Italy;Film;2020;B.K. Wunder;Google Play Movies DK;11/2020
The Man with the Camera;Germany, Italy;Film;2020;B.K. Wunder;Google Play Movies GB;11/2020
The Man with the Camera;Germany, Italy;Film;2020;B.K. Wunder;Google Play Movies IE;11/2020
The Man with the Camera;Germany, Italy;Film;2020;B.K. Wunder;iTunes BE;11/2020
The Man with the Camera;Germany, Italy;Film;2020;B.K. Wunder;iTunes CZ;11/2020
The Man with the Camera;Germany, Italy;Film;2020;B.K. Wunder;iTunes EE;11/2020
The Man with the Camera;Germany, Italy;Film;2020;B.K. Wunder;iTunes GB;11/2020
The Man with the Camera;Germany, Italy;Film;2020;B.K. Wunder;iTunes HU;11/2020
The Man with the Camera;Germany, Italy;Film;2020;B.K. Wunder;iTunes IE;11/2020
The Man with the Camera;Germany, Italy;Film;2020;B.K. Wunder;iTunes LT;11/2020
The Man with the Camera;Germany, Italy;Film;2020;B.K. Wunder;iTunes PT;11/2020
The Man with the Camera;Germany, Italy;Film;2020;B.K. Wunder;iTunes SE;11/2020
The Man with the Camera;Germany, Italy;Film;2020;B.K. Wunder;YouTube Movies GB;11/2020
The New Pope;Italy, France, Spain, United States of America, United Kingdom;Film;2020;;Sky Now TV IT;11/2020
Time Loop;Italy;Film;2020;Ciro Sorrentino;Amazon TVOD GB;11/2020
Time Loop;Italy;Film;2020;Ciro Sorrentino;Google Play Movies GB;11/2020
Time Loop;Italy;Film;2020;Ciro Sorrentino;iTunes GB;11/2020
Time Loop;Italy;Film;2020;Ciro Sorrentino;iTunes IE;11/2020
Time Loop;Italy;Film;2020;Ciro Sorrentino;Sky Store GB;11/2020
Time Loop;Italy;Film;2020;Ciro Sorrentino;Sky Store IE;11/2020
Time Loop;Italy;Film;2020;Ciro Sorrentino;YouTube Movies GB;11/2020
Tolo Tolo;Italy;Film;2020;Checco Zalone;Chili IT;11/2020
Tolo Tolo;Italy;Film;2020;Checco Zalone;iTunes IT;11/2020
Tolo Tolo;Italy;Film;2020;Checco Zalone;RakutenTV IT;11/2020
Tolo Tolo;Italy;Film;2020;Checco Zalone;Sky GO IT;11/2020
Tolo Tolo;Italy;Film;2020;Checco Zalone;Sky Now TV IT;11/2020
Tolo Tolo;Italy;Film;2020;Checco Zalone;TIMvision IT;11/2020
Tutto il mondo è palese;Italy;Film;2020;;Amazon Prime Video GB;11/2020
Tutto il mondo è palese;Italy;Film;2020;;Amazon TVOD GB;11/2020
Un figlio di nome Erasmus;Italy;Film;2020;Alberto Ferrari;Chili IT;11/2020
Un figlio di nome Erasmus;Italy;Film;2020;Alberto Ferrari;Google Play Movies IT;11/2020
Un figlio di nome Erasmus;Italy;Film;2020;Alberto Ferrari;iTunes IT;11/2020
Un figlio di nome Erasmus;Italy;Film;2020;Alberto Ferrari;Microsoft Films & TV IT;11/2020
Un figlio di nome Erasmus;Italy;Film;2020;Alberto Ferrari;RakutenTV IT;11/2020
Un figlio di nome Erasmus;Italy;Film;2020;Alberto Ferrari;Sky GO IT;11/2020
Un figlio di nome Erasmus;Italy;Film;2020;Alberto Ferrari;Sky Now TV IT;11/2020
Un figlio di nome Erasmus;Italy;Film;2020;Alberto Ferrari;TIMvision IT;11/2020
Un pugno di amici;Italy;Film;2020;Sergio Colabona;Amazon Prime Video IT;11/2020
Vitrum;Italy;Film;2020;Michele Rocchi, Giovanni Fortunato;Amazon Prime Video GB;11/2020
Vitrum;Italy;Film;2020;Michele Rocchi, Giovanni Fortunato;Amazon Prime Video IT;11/2020
White Flowers;Italy, Japan;Film;2020;Marco De Angelis, Antonio Di Trapani;Chili IT;11/2020
